,constituency,ward,clat,clon,place_id,place_name,place_lat,place_long,place_type
0, Dagoretti North,Gatina,-1.1655719999999998,36.85526373,ff6cc20a441eb49ff7d5a4d99fbd7dfb2e5a6098,Emirates Sports Lounge,-1.1726996,36.83056870000001,night_club
1, Dagoretti North,Gatina,-1.1655719999999998,36.85526373,b58c900ace63121394c62f40a6db39b8405b8d27,Club Spillaz,-1.1679407,36.827226,night_club
2, Dagoretti North,Gatina,-1.1655719999999998,36.85526373,4749fa077f507e05f64668b9681cecc548ba3ee7,Nyumbani Sports Club,-1.173934,36.8275126,night_club
3, Dagoretti North,Gatina,-1.1655719999999998,36.85526373,8bd686014c2081b1b706bc9ca105215641d27913,Kirigiti Prime Academy,-1.1683181,36.8258264,night_club
4, Dagoretti North,Gatina,-1.1655719999999998,36.85526373,f23c7222013b6b450ee773d76ae593f3ab2d28f9,Kibra funeral servises,-1.165972,36.8246583,night_club
5, Dagoretti North,Gatina,-1.1655719999999998,36.85526373,950173baa1ea84e0dff3af2ae988216ea7fb4409,Rhino Club,-1.1998843,36.8359767,night_club
6, Dagoretti North,Gatina,-1.1655719999999998,36.85526373,2bc6f626c4c53246d6d98251318e54f2a73ad3a4,Club Century,-1.1880467,36.8916179,night_club
