,constituency,ward,clat,clon,place_id,place_name,place_lat,place_long,place_type
0, Embakasi North,Kariobangi North,-1.3151376000000001,36.86733961,a5eb7df08ff876ff4fa9b141ac03ef0ebf0c057c,The Siera Leone Consulate,-1.327059,36.85048099999999,embassy
1, Embakasi North,Kariobangi North,-1.3151376000000001,36.86733961,c5bf43f087b8c3b6b938162e7257c512389d6cc1,Consulate General Of Sierra Leone,-1.3270598,36.8501401,embassy
2, Embakasi North,Kariobangi North,-1.3151376000000001,36.86733961,c4a65d3a033be98ac5457e8ce643d69c26217c23,Embassy Of Cook Islands,-1.31906,36.83603859999999,embassy
3, Embakasi North,Kariobangi North,-1.3151376000000001,36.86733961,8b7cc842195d64c7106cf9e571199b18c5355c96,Benin Consulate,-1.300064,36.825384,embassy
