,constituency,ward,clat,clon,place_id,place_name,place_lat,place_long,place_type
0, Embakasi Central,Komarok,-1.26725495,36.90524096,0025ab7102b8a678038f4d11e46ec79193cef847,Rehema Day Care Library,-1.2517196,36.88877729999999,library
1, Embakasi Central,Komarok,-1.26725495,36.90524096,fbcc3998070a15dd261c206d22efc5a56fc48f64,St Johns Community Library,-1.2487859,36.8916768,library
2, Embakasi Central,Komarok,-1.26725495,36.90524096,bc45d3d9d068ac89bf574e78fb231870a0745eec,Mwangaza Primary Library,-1.2778218,36.9093525,library
3, Embakasi Central,Komarok,-1.26725495,36.90524096,7ad51ea1fc88c43aa9d27652e82ecedad193a96a,Bob Collymore Community Library,-1.2737978,36.9157881,library
4, Embakasi Central,Komarok,-1.26725495,36.90524096,06c94ad7a12448034f51de6cc58e4acca19afcf4,Public Library,-1.2670045,36.8849874,library
5, Embakasi Central,Komarok,-1.26725495,36.90524096,0093e4309113128b58dd133ad8912fe19aa0da26,"Kenya National Library Service,Buruburu",-1.2828872,36.8792689,library
6, Embakasi Central,Komarok,-1.26725495,36.90524096,8b18aa7d111536d64a4f238b3ae83517e1409428,Kenya National Library Service - Buruburu Branch,-1.2811734,36.87877599999999,library
7, Embakasi Central,Komarok,-1.26725495,36.90524096,6daff4935ef91c1d0ca627c2db8d2b8d32cff43e,KSMS New Library,-1.2508132,36.865705,library
