,constituency,ward,clat,clon,place_id,place_name,place_lat,place_long,place_type
0, Kasarani,Mwiki,-1.2322833999999998,36.9275102,fbcc3998070a15dd261c206d22efc5a56fc48f64,St Johns Community Library,-1.2487859,36.8916768,library
1, Kasarani,Mwiki,-1.2322833999999998,36.9275102,e4bbc715a3cf59a79db8394416e18403603fbf47,The Denise C. Hogan Community Library,-1.2096615,36.8951275,library
2, Kasarani,Mwiki,-1.2322833999999998,36.9275102,0025ab7102b8a678038f4d11e46ec79193cef847,Rehema Day Care Library,-1.2517196,36.88877729999999,library
3, Kasarani,Mwiki,-1.2322833999999998,36.9275102,60250d1b6d88966d854e62a0271d13ce0b97501e,Bishop Dr Andrew Kimaru Memorial Community Library,-1.2085258,36.9280395,library
4, Kasarani,Mwiki,-1.2322833999999998,36.9275102,ccc692cdb92c9dab8f58c540baf00e5988a586df,Kahawa Sukari Kiu River,-1.2105997,36.9466235,library
5, Kasarani,Mwiki,-1.2322833999999998,36.9275102,d37094b99b6e7af8987dd5a0b3c3dcef492ee806,Mathare Youth Sports Academy (M.Y.S.A) Library,-1.2014393,36.9136166,library
6, Kasarani,Mwiki,-1.2322833999999998,36.9275102,7ad51ea1fc88c43aa9d27652e82ecedad193a96a,Bob Collymore Community Library,-1.2737978,36.9157881,library
