,constituency,ward,clat,clon,place_id,place_name,place_lat,place_long,place_type
0, Roysambu,Zimmerman,-1.2103968999999999,36.89522120000001,e4bbc715a3cf59a79db8394416e18403603fbf47,The Denise C. Hogan Community Library,-1.2096615,36.8951275,library
1, Roysambu,Zimmerman,-1.2103968999999999,36.89522120000001,fbcc3998070a15dd261c206d22efc5a56fc48f64,St Johns Community Library,-1.2487859,36.8916768,library
2, Roysambu,Zimmerman,-1.2103968999999999,36.89522120000001,0025ab7102b8a678038f4d11e46ec79193cef847,Rehema Day Care Library,-1.2517196,36.88877729999999,library
3, Roysambu,Zimmerman,-1.2103968999999999,36.89522120000001,dc1073111b65cb3ba22ccec17e4ea755a091069a,Library,-1.2162153,36.8789899,library
4, Roysambu,Zimmerman,-1.2103968999999999,36.89522120000001,e35a761e163a06470dfacf6b04c94d602d400c82,USIU-Africa Library,-1.216542,36.87891339999999,library
5, Roysambu,Zimmerman,-1.2103968999999999,36.89522120000001,d37094b99b6e7af8987dd5a0b3c3dcef492ee806,Mathare Youth Sports Academy (M.Y.S.A) Library,-1.2014393,36.9136166,library
6, Roysambu,Zimmerman,-1.2103968999999999,36.89522120000001,60250d1b6d88966d854e62a0271d13ce0b97501e,Bishop Dr Andrew Kimaru Memorial Community Library,-1.2085258,36.9280395,library
