,constituency,ward,clat,clon,place_id,place_name,place_lat,place_long,place_type
0, Embakasi South,Imara Daima,-1.3285901000000002,36.8743999,3eb7d7d75d18bc6876a250dffaa6aab201bb43cc,School Library,-1.3258531,36.8896678,library
1, Embakasi South,Imara Daima,-1.3285901000000002,36.8743999,6350fa23bb75485a47415f7ae9702cd46e03ed60,Mbotela VGR Lending Library,-1.2986726,36.861665,library
2, Embakasi South,Imara Daima,-1.3285901000000002,36.8743999,e36d2e4d63e108f17bd8b7f774402a1b645e7178,"McMillan Memorial Library, Eastlands Branch (Makadara)",-1.2931705,36.8625676,library
3, Embakasi South,Imara Daima,-1.3285901000000002,36.8743999,c51c2b846fb4d127dd7d575be733f424b1168ba5,DRSRS library,-1.3223189,36.83633739999999,library
4, Embakasi South,Imara Daima,-1.3285901000000002,36.8743999,7fafa432652dcee822f6acd61f8fc21b870ec07d,Mcmillan Memorial Library (Kaloleni Branch),-1.2960076,36.84492150000001,library
5, Embakasi South,Imara Daima,-1.3285901000000002,36.8743999,b904b66b1181957fdd31242e439a6e8ab4a5ffc4,Makadara Public Library,-1.2932224,36.8621106,library
