,constituency,ward,clat,clon,place_id,place_name,place_lat,place_long,place_type
0, Lang'ata,Karen,-1.3283746,36.7049676,d7742f5f333d7f7a0611d8094a68a3bc138a56a7,Ivor Mead,-1.3370618,36.7077942,night_club
1, Lang'ata,Karen,-1.3283746,36.7049676,028534844461d0bf166a5c24a4df470e72fee653,CLH VIP Lounge,-1.3184978,36.6922726,night_club
2, Lang'ata,Karen,-1.3283746,36.7049676,5173719f4d73e42fdbcf4dbcbe6f4e607a620231,Billionaire lounge,-1.338345,36.7355222,night_club
