,constituency,ward,clat,clon,place_id,place_name,place_lat,place_long,place_type
0, Lang'ata,Mugumoini,-1.1991235,36.846741200000004,15e44aea86423ffbd24a3dd7f50d9c2746a8db3a,Kenya Police Evergreen,-1.2233645,36.8337719,police
1, Lang'ata,Mugumoini,-1.1991235,36.846741200000004,9ab45427f00be1d400f3e4af61b8cf489df2dc0c,Kiambu Police Station,-1.1731839,36.83220780000001,police
2, Lang'ata,Mugumoini,-1.1991235,36.846741200000004,9df969bbb606d4457c1999d6bf01db0331dd06d3,Runda Police Station,-1.222675,36.8232583,police
3, Lang'ata,Mugumoini,-1.1991235,36.846741200000004,b3cac9aabfc9adf1533ad14593e9852c06614614,Njathaini police post,-1.1990493,36.8884685,police
4, Lang'ata,Mugumoini,-1.1991235,36.846741200000004,707e2e63ba77c5d2b359c2076f518c4c7bfcbe99,Thindigua Police Post,-1.2062801,36.8341948,police
5, Lang'ata,Mugumoini,-1.1991235,36.846741200000004,6cc76aa81ec62933ff00a28edbc0268e0c1e12a0,Runda Police Post,-1.2236586,36.82292459999999,police
