,constituency,ward,clat,clon,place_id,place_name,place_lat,place_long,place_type
0, Kasarani,Ruai,-1.2677339,36.9911112,58067e16158759cc3060ee0b0b302f71f903960c,Administration Police Training College,-1.2854662,36.9568826,police
1, Kasarani,Ruai,-1.2677339,36.9911112,84fecad63482e4c496c243fabecf486b57664c94,Ruai Police Station,-1.2756464,36.9991408,police
2, Kasarani,Ruai,-1.2677339,36.9911112,ec5dc1994df16bab178f03fc36c2506389cad34e,AP Camp Utawala,-1.2784547,36.9718426,police
3, Kasarani,Ruai,-1.2677339,36.9911112,738f4349de476236470af4f5522203c4a691f582,Ruai Police Station,-1.2532868,37.0078232,police
4, Kasarani,Ruai,-1.2677339,36.9911112,a440cf6f6f4c3fd1f1094256e19d327f10acea0f,kibiku police post,-1.2671338,36.9655006,police
5, Kasarani,Ruai,-1.2677339,36.9911112,13e85e8a8f5e7b8faaf768f2f0c32128bfe88688,AP Kibiku Police Post,-1.2683958,36.964884,police
6, Kasarani,Ruai,-1.2677339,36.9911112,8474c8c95563ce1923050e3a0ac19abf6ea4dbf2,Zebra Police Post Utawala,-1.3000083,36.99442090000001,police
7, Kasarani,Ruai,-1.2677339,36.9911112,7ae9b9d1d97281bf01af453c4f1fe9cc5782e2c9,AP Rapid Deployment Unit,-1.291133,36.9666392,police
8, Kasarani,Ruai,-1.2677339,36.9911112,a97604bc0ff027101b380b392d8da6b8360ae7c5,Makongeni AP Camp,-1.2810879,37.0290756,police
