,constituency,ward,clat,clon,place_id,place_name,place_lat,place_long,place_type
0, Lang'ata,Karen,-1.3283746,36.7049676,52e94bbb00e1099c6ec02a31983103a324b37156,Karen police station,-1.321943,36.706268,police
1, Lang'ata,Karen,-1.3283746,36.7049676,24a5cf1248cd50bbb0c828263f4770f19a7f8d77,Williamson Tea (K) Ltd,-1.326035,36.709505,police
2, Lang'ata,Karen,-1.3283746,36.7049676,56f15062cf5d56dbbc0374aa9ae810c7fa76be82,Karen Plains Police Post,-1.3269901,36.7295855,police
3, Lang'ata,Karen,-1.3283746,36.7049676,851565c0cda34dadc2ae823fe2638abf4dc1f2bc,Ebul-bul station,-1.3407917,36.6667333,police
