,constituency,ward,clat,clon,place_id,place_name,place_lat,place_long,place_type
0, Dagoretti North,Gatina,-1.1655719999999998,36.85526373,43263fb42c79aeee0af4af5b2aac1340626d0014,Pick 'N ' Go Wines & Spirits,-1.1720533,36.842485,liquor_store
1, Dagoretti North,Gatina,-1.1655719999999998,36.85526373,cf5d8126e2670af67a74ab8be0f505a6879e31b9,Liquor library,-1.2030778,36.8335268,liquor_store
2, Dagoretti North,Gatina,-1.1655719999999998,36.85526373,78e18ff94d9dad5d4f0605e62b9c70fdf8cd7d7a,Liquor library,-1.2032199,36.8336385,liquor_store
3, Dagoretti North,Gatina,-1.1655719999999998,36.85526373,dcaa167df37af0c93dcf573b7b31dfaa73be871c,The Liqour_tap_ke,-1.1843148,36.8948042,liquor_store
4, Dagoretti North,Gatina,-1.1655719999999998,36.85526373,97da3e3b4f678ffba51dafded8f73103e69ce811,Holmes Liquor Store,-1.182678,36.8968231,liquor_store
