,constituency,ward,clat,clon,place_id,place_name,place_lat,place_long,place_type
0, Dagoretti South,Riruta,-1.2917037,36.7346929,5763c49885357ed45ef06050f3b0fb6c1bf802a0,Shiroz Library & Resource Centre,-1.2603971,36.7160136,library
1, Dagoretti South,Riruta,-1.2917037,36.7346929,f0c32de3053f00cced3404b107ab49cefac714fe,Jesuit Historical Institute in Africa,-1.298405,36.771197,library
2, Dagoretti South,Riruta,-1.2917037,36.7346929,2685e526df65f539348347e42c3d1959e175686b,Lenana School Library,-1.2999931,36.7284692,library
3, Dagoretti South,Riruta,-1.2917037,36.7346929,61e7b40056da1c58c6934791e1442e4d2a201841,Kabiro Community Library,-1.2859064,36.7522774,library
4, Dagoretti South,Riruta,-1.2917037,36.7346929,827515a05b8d6213128394a92b41f55571cd3b46,ILRI Library,-1.2692301,36.72236770000001,library
5, Dagoretti South,Riruta,-1.2917037,36.7346929,ecc08e4cee728ae465dd5b03dd2f28ae030a4554,Kabete Technical Library,-1.2647023,36.7274471,library
6, Dagoretti South,Riruta,-1.2917037,36.7346929,b63d6c89ed4ad36975b2d9c2f02b710bde440112,Library,-1.2656208,36.7469582,library
7, Dagoretti South,Riruta,-1.2917037,36.7346929,5b20dc1e426d12f87c62704a4c931c8164ea53d9,Upper Kabete Campus Library,-1.2524125,36.73219580000001,library
