,constituency,ward,clat,clon,place_id,place_name,place_lat,place_long,place_type
0, Dagoretti North,Gatina,-1.1655719999999998,36.85526373,831ee2d30eec06fc1fb6c1a5d56f8a660ce95382,Geba Gym Equipment and Supplies,-1.1698227,36.82950270000001,gym
1, Dagoretti North,Gatina,-1.1655719999999998,36.85526373,33cc77c452eee760979e301d5ee1b6d4c39db9c9,Sache fitness,-1.1715337,36.8285882,gym
2, Dagoretti North,Gatina,-1.1655719999999998,36.85526373,aac38ea98e033855dd387b470296010a4059324c,Extrim Fitness Gym,-1.1710795,36.8278972,gym
3, Dagoretti North,Gatina,-1.1655719999999998,36.85526373,1b5420919c7fce14f67cf341326ea8352626ec1d,Reymark Hotel Gym,-1.1690029,36.82697019999999,gym
4, Dagoretti North,Gatina,-1.1655719999999998,36.85526373,186d924675b8b69a5a2705be1436f5a882b021ce,Raha Gym,-1.1724605,36.8258805,gym
5, Dagoretti North,Gatina,-1.1655719999999998,36.85526373,e04186af981c716333c2c5cf151bcf8db087c35b,Mzuzi Park,-1.2019756,36.8427506,gym
6, Dagoretti North,Gatina,-1.1655719999999998,36.85526373,446bd35854b2659a812009b2e8bdecb55c1cdc52,Terimas beauty parlour,-1.2016653,36.8386126,gym
7, Dagoretti North,Gatina,-1.1655719999999998,36.85526373,46c72f8ffb0e36c5a4d28584d000d06a53c97af2,KIZURI APARTMENTS,-1.1857652,36.8930799,gym
8, Dagoretti North,Gatina,-1.1655719999999998,36.85526373,98c6b984e36509203e5ded50845209033bcbeb2e,KIST Games Ground,-1.1814051,36.8342789,gym
