,constituency,ward,clat,clon,place_id,place_name,place_lat,place_long,place_type
0, Lang'ata,Karen,-1.3283746,36.7049676,866ae6274b1c8f285030bd8499b54bd999cac3c6,African International University Library,-1.3072972,36.6846961,library
1, Lang'ata,Karen,-1.3283746,36.7049676,f2d1f49cfdc622789ae7f83639f3c7731bbb1746,DSC Library,-1.3187649,36.6927145,library
2, Lang'ata,Karen,-1.3283746,36.7049676,2685e526df65f539348347e42c3d1959e175686b,Lenana School Library,-1.2999931,36.7284692,library
3, Lang'ata,Karen,-1.3283746,36.7049676,d27c1226db4403d100d863f031949fda88d18bca,JKUAT Karen Library,-1.3562557,36.74008500000001,library
