,constituency,ward,clat,clon,place_id,place_name,place_lat,place_long,place_type
0, Makadara,Makongeni,-1.2873101,36.87210716,6e0c52f175542394b11386b37390d26c10cbb70b,Brazillian Embassy Kenya,-1.2626925,36.8417233,embassy
1, Makadara,Makongeni,-1.2873101,36.87210716,a7c4e1eda7fa4c52b75690c2b7294fc306bd1ca4,Embassy Of Algeria,-1.261341,36.840889,embassy
2, Makadara,Makongeni,-1.2873101,36.87210716,800164dd13a66390314750543254c20e753dac22,Embassy of Algeria,-1.2613421,36.8395201,embassy
3, Makadara,Makongeni,-1.2873101,36.87210716,f8687f2956ecc051825f9cc829a5ce2faea2f0fb,Consulate of Lebanon,-1.2455261,36.8688525,embassy
4, Makadara,Makongeni,-1.2873101,36.87210716,d883028a8aede8faf21b867da6907f22a06d2944,Honorary Consulate Of Lebanon,-1.245525,36.86782,embassy
5, Makadara,Makongeni,-1.2873101,36.87210716,e665b8d8122544653a3e78c89e9f1dac4ebdadb9,Royal Embassy Of Saudi Arabia,-1.261818,36.837326,embassy
6, Makadara,Makongeni,-1.2873101,36.87210716,4e09a694f659e16d8985f9a4f5b89e9cbdad331b,Embassy of Saudi Arabia,-1.2606139,36.8370121,embassy
7, Makadara,Makongeni,-1.2873101,36.87210716,ece469a66875dbefef62b755dcbbecc3344a9fde,Nyabena Nyakundi & Company Advocates,-1.2884048,36.8276185,embassy
8, Makadara,Makongeni,-1.2873101,36.87210716,c0dd90f5809a34452b9ce6a6d91b8d42e9250b9e,Wachakana & Co. Advocates,-1.2884048,36.8276185,embassy
