,constituency,ward,clat,clon,place_id,place_name,place_lat,place_long,place_type
0, Roysambu,Kahawa West,-1.1856847,36.90579279999999,e4bbc715a3cf59a79db8394416e18403603fbf47,The Denise C. Hogan Community Library,-1.2096615,36.8951275,library
1, Roysambu,Kahawa West,-1.1856847,36.90579279999999,d37094b99b6e7af8987dd5a0b3c3dcef492ee806,Mathare Youth Sports Academy (M.Y.S.A) Library,-1.2014393,36.9136166,library
2, Roysambu,Kahawa West,-1.1856847,36.90579279999999,0e8b7bd6adf368dc2a225462cd562b0104b4b81a,Kenyatta University Moi Library (Old Library),-1.1802427,36.9346055,library
3, Roysambu,Kahawa West,-1.1856847,36.90579279999999,60250d1b6d88966d854e62a0271d13ce0b97501e,Bishop Dr Andrew Kimaru Memorial Community Library,-1.2085258,36.9280395,library
4, Roysambu,Kahawa West,-1.1856847,36.90579279999999,dc1073111b65cb3ba22ccec17e4ea755a091069a,Library,-1.2162153,36.8789899,library
5, Roysambu,Kahawa West,-1.1856847,36.90579279999999,e35a761e163a06470dfacf6b04c94d602d400c82,USIU-Africa Library,-1.216542,36.87891339999999,library
6, Roysambu,Kahawa West,-1.1856847,36.90579279999999,a136259ef2517a010120ac731401b28c95b304dc,Lecture Rooms,-1.180093,36.9347932,library
